{"rmse": 34.281004965600204, "r2_score": 0.10865649241119235, "nwrmsle": 0.743416398731014}